PMID,Title,Authors,Citation,First Author,Journal/Book,Publication Year,Create Date,PMCID,NIHMS ID,DOI,Rater,Include,Sample 1,Sample 2,Sample 3,Sample 4,Sample 5,Mentions power,Power analysis,Power discussion,REMARKS,70
36196087,Microstructural deficits of the thalamus in major depressive disorder,"Zhang Y, Zhang Y, Ai H, Van Dam NT, Qian L, Hou G, Xu P.",Brain Commun. 2022 Sep 17;4(5):fcac236. doi: 10.1093/braincomms/fcac236. eCollection 2022.,Zhang Y,Brain Commun,2022,2022/10/05,PMC9525011,,10.1093/braincomms/fcac236,S,1,56,35,,,,0,,,,
36018359,Reducing instability of inter-subject covariance of FDG uptake networks using structure-weighted sparse estimation approach,"Wang M, Schutte M, Grimmer T, Lizarraga A, Schultz T, Hedderich DM, Diehl-Schmid J, Rominger A, Ziegler S, Navab N, Yan Z, Jiang J, Yakushev I, Shi K.",Eur J Nucl Med Mol Imaging. 2022 Aug 26. doi: 10.1007/s00259-022-05949-9. Online ahead of print.,Wang M,Eur J Nucl Med Mol Imaging,2022,2022/08/26,,,10.1007/s00259-022-05949-9,S,0,41,30,36,,,,,,predictive modeling,
35794352,Structural connectivity alterations in the motor network of patients with scans without evidence of dopaminergic deficit (SWEDD),"Caligiuri ME, Quattrone A, Bianco MG, Sarica A, Quattrone A.",J Neurol. 2022 Nov;269(11):5926-5933. doi: 10.1007/s00415-022-11259-9. Epub 2022 Jul 6.,Caligiuri ME,J Neurol,2022,2022/07/06,,,10.1007/s00415-022-11259-9,K,1,21,28,,,,0,0,,,
35368612,Connectomic analysis of unilateral dual-lead thalamic deep brain stimulation for treatment of multiple sclerosis tremor,"Wong JK, Patel B, Middlebrooks EH, Hilliard JD, Foote KD, Okun MS, Almeida L.",Brain Commun. 2022 Mar 15;4(2):fcac063. doi: 10.1093/braincomms/fcac063. eCollection 2022.,Wong JK,Brain Commun,2022,2022/04/04,PMC8971897,,10.1093/braincomms/fcac063,S,1,8,3,,,,1,0,limitation,"seed; ""(...)and thus was not designed or powered to detect connectivity differences between surgical targets""",
35381362,Altered Structural and Functional Connectivity of Salience Network in Patients with Classic Trigeminal Neuralgia,"Xu H, Seminowicz DA, Krimmel SR, Zhang M, Gao L, Wang Y.",J Pain. 2022 Aug;23(8):1389-1399. doi: 10.1016/j.jpain.2022.02.012. Epub 2022 Apr 3.,Xu H,J Pain,2022,2022/04/05,,,10.1016/j.jpain.2022.02.012,,0,,,,,,,,,no access,
35987039,Identifying the white matter structural network of motor reserve in early Parkinson's disease,"Kim YJ, Park CW, Shin HW, Lee HS, Kim YJ, Yun M, Lee PH, Sohn YH, Jeong Y, Chung SJ.",Parkinsonism Relat Disord. 2022 Sep;102:108-114. doi: 10.1016/j.parkreldis.2022.08.005. Epub 2022 Aug 12.,Kim YJ,Parkinsonism Relat Disord,2022,2022/08/20,,,10.1016/j.parkreldis.2022.08.005,S,0,,,,,,,,,not a case-control study,
35301253,TGF-β1 is associated with deficits in cognition and cerebral cortical thickness in first-episode schizophrenia,"Pan S, Zhou Y, Yan L, Xuan F, Tong J, Li Y, Huang J, Feng W, Chen S, Cui Y, Yang F, Tan S, Wang Z, Tian B, Hong LE, Tan YL, Tian L.",J Psychiatry Neurosci. 2022 Mar 17;47(2):E86-E98. doi: 10.1503/jpn.210121. Print 2022 Mar-Apr.,Pan S,J Psychiatry Neurosci,2022,2022/03/18,PMC9259382,,10.1503/jpn.210121,S,0,,,,,,,,,review,
35863179,Volumetric and structural connectivity abnormalities co-localise in TLE,"Horsley JJ, Schroeder GM, Thomas RH, de Tisi J, Vos SB, Winston GP, Duncan JS, Wang Y, Taylor PN.",Neuroimage Clin. 2022;35:103105. doi: 10.1016/j.nicl.2022.103105. Epub 2022 Jul 9.,Horsley JJ,Neuroimage Clin,2022,2022/07/21,PMC9421455,,10.1016/j.nicl.2022.103105,S,1,84,29,60,67,,0,0,,they use two cohorts of case-controls (that's why there are four columns for sample sizes),
35274757,Unilaterally disrupted structural and functional connectivity of the fronto-limbic system in idiopathic hypogonadotropic hypogonadism,"Cao J, Yin Z, Chen B, Chang M, Li C, Fan G, Cui L.",Clin Endocrinol (Oxf). 2022 Nov;97(5):604-611. doi: 10.1111/cen.14722. Epub 2022 Mar 16.,Cao J,Clin Endocrinol (Oxf),2022,2022/03/11,,,10.1111/cen.14722,S,1,25,25,,,,0,0,,,
35923826,Structural Brain Network Reorganization Following Anterior Callosotomy for Colloid Cysts: Connectometry and Graph Analysis Results,"Ciavarro M, Grande E, Bevacqua G, Morace R, Ambrosini E, Pavone L, Grillea G, Vangelista T, Esposito V.",Front Neurol. 2022 Jul 18;13:894157. doi: 10.3389/fneur.2022.894157. eCollection 2022.,Ciavarro M,Front Neurol,2022,2022/08/04,PMC9340207,,10.3389/fneur.2022.894157,S,0,,,,,,,,,not a case-control study,
35169709,Mapping the human praxis network: an investigation of white matter disconnection in limb apraxia of gesture production,"Rosenzopf H, Wiesen D, Basilakos A, Yourganov G, Bonilha L, Rorden C, Fridriksson J, Karnath HO, Sperber C.",Brain Commun. 2022 Jan 13;4(1):fcac004. doi: 10.1093/braincomms/fcac004. eCollection 2022.,Rosenzopf H,Brain Commun,2022,2022/02/16,PMC8833454,,10.1093/braincomms/fcac004,S,1,31,70,,,,1,0,"limitation, interpretation",,
35429045,The Optimal Target and Connectivity for Deep Brain Stimulation in Lennox-Gastaut Syndrome,"Warren AEL, Dalic LJ, Bulluss KJ, BAppSci AR, Thevathasan W, Archer JS.",Ann Neurol. 2022 Jul;92(1):61-74. doi: 10.1002/ana.26368. Epub 2022 Apr 28.,Warren AEL,Ann Neurol,2022,2022/04/16,,,10.1002/ana.26368,S,0,,,,,,,,,not a case-control study,
35947137,Structural connectivity mediates the relationship between blood oxygenation and cognitive function in sickle cell anemia,"Clayden JD, Stotesbury H, Kawadler JM, Slee A, Koelbel M, Saunders DE, Hood AM, Wilkey O, Layton M, Inusa BP, Pelidis M, Chakravorty S, Rees DC, Howard J, Awogbade M, Liossi C, Kirkham FJ, Clark CA.",Blood Adv. 2022 Aug 10:bloodadvances.2021006751. doi: 10.1182/bloodadvances.2021006751. Online ahead of print.,Clayden JD,Blood Adv,2022,2022/08/10,,,10.1182/bloodadvances.2021006751,S,1,92,54,,,,1,0,other,justification for not doing power calc (no prior data),
35486024,Connectomic assessment of injury burden and longitudinal structural network alterations in moderate-to-severe traumatic brain injury,"Osmanlıoğlu Y, Parker D, Alappatt JA, Gugger JJ, Diaz-Arrastia RR, Whyte J, Kim JJ, Verma R.",Hum Brain Mapp. 2022 Sep;43(13):3944-3957. doi: 10.1002/hbm.25894. Epub 2022 Apr 29.,Osmanlıoğlu Y,Hum Brain Mapp,2022,2022/04/29,PMC9374876,,10.1002/hbm.25894,S,1,35,34,,,,1,0,"motivation, interpretation",,
35640469,Focal thalamocortical circuit abnormalities in sleep related epilepsy caused by focal cortical dysplasia type II,"Jin B, Zhang Z, Wang C, Li H, Zhao X, Wang S, Chen C, He C, Zheng Y, Geng Y, Wang S, Chen G, Aung T.",Seizure. 2022 Jul;99:153-158. doi: 10.1016/j.seizure.2022.05.019. Epub 2022 May 26.,Jin B,Seizure,2022,2022/05/31,,,10.1016/j.seizure.2022.05.019,S,1,18,12,,,,0,0,,,
36036555,Structural Changes in the Arcuate Fasciculus and Recovery of Post-stroke Aphasia: A 6-Month Follow-up Study using Diffusion Tensor Imaging,"Bae CR, Na Y, Cho M, Hwang YM, Tae WS, Pyun SB.",Neurorehabil Neural Repair. 2022 Sep;36(9):633-644. doi: 10.1177/15459683221121752. Epub 2022 Aug 29.,Bae CR,Neurorehabil Neural Repair,2022,2022/08/29,,,10.1177/15459683221121752,S,0,,,,,,,,,not a case-control study,
35395584,Cerebral and cerebellar white matter tract alterations in patients with Pantothenate Kinase-Associated Neurodegeneration (PKAN),"Rivera D, Roa-Sanchez P, Bidó P, Speckter H, Oviedo J, Stoeter P.",Parkinsonism Relat Disord. 2022 May;98:1-6. doi: 10.1016/j.parkreldis.2022.03.017. Epub 2022 Apr 4.,Rivera D,Parkinsonism Relat Disord,2022,2022/04/08,,,10.1016/j.parkreldis.2022.03.017,S,1,41,42,,,,0,0,,,
35352235,Post-stroke enriched auditory environment induces structural connectome plasticity: secondary analysis from a randomized controlled trial,"Sihvonen AJ, Soinila S, Särkämö T.",Brain Imaging Behav. 2022 Aug;16(4):1813-1822. doi: 10.1007/s11682-022-00661-6. Epub 2022 Mar 29.,Sihvonen AJ,Brain Imaging Behav,2022,2022/03/30,PMC9279272,,10.1007/s11682-022-00661-6,S,0,,,,,,,,,not a case-control study,
35297554,Classification of multiple sclerosis patients based on structural disconnection: A robust feature selection approach,"Schiavi S, Azzari A, Mensi A, Graziano N, Daducci A, Bicego M, Inglese M, Petracca M.",J Neuroimaging. 2022 Jul;32(4):647-655. doi: 10.1111/jon.12991. Epub 2022 Mar 17.,Schiavi S,J Neuroimaging,2022,2022/03/17,,,10.1111/jon.12991,S,1,55,24,,,,0,0,,,
36207560,HIV peripheral neuropathy-related degeneration of white matter tracts to sensorimotor cortex,"Timtim SH, Simmons AN, Hays C, Strigo I, Sorg S, Ellis R, Keltner JR.",J Neurovirol. 2022 Oct 7. doi: 10.1007/s13365-022-01051-w. Online ahead of print.,Timtim SH,J Neurovirol,2022,2022/10/07,,,10.1007/s13365-022-01051-w,S,0,,,,,,,,,not a case-control study,
35735129,Abnormal white-matter rich-club organization in obsessive-compulsive disorder,"Baldi S, Michielse S, Vriend C, van den Heuvel MP, van den Heuvel OA, Schruers KRJ, Goossens L.",Hum Brain Mapp. 2022 Oct 15;43(15):4699-4709. doi: 10.1002/hbm.25984. Epub 2022 Jun 23.,Baldi S,Hum Brain Mapp,2022,2022/06/23,PMC9491289,,10.1002/hbm.25984,S,1,44,15,37,,,0,0,,,
35173605,Analysis of Brain Structural Connectivity Networks and White Matter Integrity in Patients With Mild Cognitive Impairment,"Bergamino M, Schiavi S, Daducci A, Walsh RR, Stokes AM.",Front Aging Neurosci. 2022 Jan 31;14:793991. doi: 10.3389/fnagi.2022.793991. eCollection 2022.,Bergamino M,Front Aging Neurosci,2022,2022/02/17,PMC8842680,,10.3389/fnagi.2022.793991,S,1,31,19,,,,1,1,motivation,"""large effect (α= 0.05; power = 80%; two groups, n1 = 19 and n2 = 31)""",
35782419,"The Association Between Emotion Recognition, Affective Empathy, and Structural Connectivity in Schizophrenia Patients","Koevoets MGJC, Prikken M, Hagenaar DA, Kahn RS, van Haren NEM.",Front Psychiatry. 2022 Jun 15;13:910985. doi: 10.3389/fpsyt.2022.910985. eCollection 2022.,Koevoets MGJC,Front Psychiatry,2022,2022/07/05,PMC9240782,,10.3389/fpsyt.2022.910985,S,1,47,47,,,,1,0,other,"""A strength of our study is the reasonably sized sample, which gives sufficient power to detect effects with moderate effect sizes.""",
34665863,Brain Mechanisms of Pain and Dysautonomia in Diabetic Neuropathy: Connectivity Changes in Thalamus and Hypothalamus,"Chao CC, Tseng MT, Hsieh PC, Lin CJ, Huang SL, Hsieh ST, Chiang MC.",J Clin Endocrinol Metab. 2022 Feb 17;107(3):e1167-e1180. doi: 10.1210/clinem/dgab754.,Chao CC,J Clin Endocrinol Metab,2022,2021/10/19,,,10.1210/clinem/dgab754,S,1,25,13,27,,,0,,,,
35775057,Early Onset Diffusion Abnormalities in Refractory Headache Disorders,"Santoro JD, Moon PK, Han M, McKenna ES, Tong E, MacEachern SJ, Forkert ND, Yeom KW.",Front Neurol. 2022 Jun 14;13:898219. doi: 10.3389/fneur.2022.898219. eCollection 2022.,Santoro JD,Front Neurol,2022,2022/07/01,PMC9237368,,10.3389/fneur.2022.898219,S,1,79,74,,,,1,0,"limitation, interpretation","""Although this study was underpowered to evaluate differences between patients with and without aura""",
35849952,Structural network alterations induced by ART-naive and ART-treated subjects infected with HIV,"Liu J, Wang W, Wang Y, Liu M, Liu D, Li R, Cai C, Sun L, Gao Q, Li H.",Biochem Biophys Res Commun. 2022 Sep 24;622:115-121. doi: 10.1016/j.bbrc.2022.06.078. Epub 2022 Jun 30.,Liu J,Biochem Biophys Res Commun,2022,2022/07/19,,,10.1016/j.bbrc.2022.06.078,S,1,22,23,28,,,0,,,,
35150172,Probabilistic Mapping Reveals Optimal Stimulation Site in Essential Tremor,"Nowacki A, Barlatey S, Al-Fatly B, Dembek T, Bot M, Green AL, Kübler D, Lachenmayer ML, Debove I, Segura-Amil A, Horn A, Visser-Vandewalle V, Schuurman R, Barbe M, Aziz TZ, Kühn AA, Nguyen TAK, Pollo C.",Ann Neurol. 2022 May;91(5):602-612. doi: 10.1002/ana.26324. Epub 2022 Mar 3.,Nowacki A,Ann Neurol,2022,2022/02/12,,,10.1002/ana.26324,S,0,,,,,,,,,not a case-control study,
35076030,Recovery of Supraspinal Microstructural Integrity and Connectivity in Patients Undergoing Surgery for Degenerative Cervical Myelopathy,"Wang C, Ellingson BM, Salamon N, Holly LT.",Neurosurgery. 2022 Apr 1;90(4):447-456. doi: 10.1227/NEU.0000000000001839.,Wang C,Neurosurgery,2022,2022/01/25,PMC9514753,,10.1227/NEU.0000000000001839,S,0,,,,,,,,,not a case-control study,
35238835,Investigating Structure-Function Connectivity in a Patient With Locked-in Syndrome by 7 T Magnetic Resonance Imaging: A Case Report,"Tan X, Sun Y, Gao J.",Neurologist. 2022 Mar 3. doi: 10.1097/NRL.0000000000000424. Online ahead of print.,Tan X,Neurologist,2022,2022/03/03,,,10.1097/NRL.0000000000000424,S,0,,,,,,,,,not a case-control study,
35660481,Altered Thalamic Connectivity Due to Focused Ultrasound Thalamotomy in Patients with Essential Tremor,"Tani N, Oshino S, Hosomi K, Hattori N, Mihara M, Yanagisawa T, Khoo HM, Kanemoto M, Watanabe Y, Mochizuki H, Kishima H.",World Neurosurg. 2022 Aug;164:e1103-e1110. doi: 10.1016/j.wneu.2022.05.113. Epub 2022 May 31.,Tani N,World Neurosurg,2022,2022/06/06,,,10.1016/j.wneu.2022.05.113,S,1,7,7,,,,1,0,limitation,"""The primary limitation of this study is the small number of cases, which may have led to low statistical power considering the heterogeneity of the subjects""",
35190467,Association Between White Matter Connectivity and Early Dementia in Patients With Parkinson Disease,"Chung SJ, Kim YJ, Jung JH, Lee HS, Ye BS, Sohn YH, Jeong Y, Lee PH.",Neurology. 2022 May 3;98(18):e1846-e1856. doi: 10.1212/WNL.0000000000200152. Epub 2022 Feb 21.,Chung SJ,Neurology,2022,2022/02/22,,,10.1212/WNL.0000000000200152,S,1,38,37,,,,0,0,,"""thus allowing detection of a centric region that plays a critical role associated with an effect of interest by increasing localization power and spatial specificity""",
36002968,Voxelwise structural disconnection mapping: Methodological validation and recommendations,"Wawrzyniak M, Stockert A, Klingbeil J, Saur D.",Neuroimage Clin. 2022;35:103132. doi: 10.1016/j.nicl.2022.103132. Epub 2022 Jul 29.,Wawrzyniak M,Neuroimage Clin,2022,2022/08/25,PMC9421530,,10.1016/j.nicl.2022.103132,K,0,,,,,,,,,method,
35523776,Longitudinal trajectory of response to electroconvulsive therapy associated with transient immune response & white matter alteration post-stimulation,"Andreou B, Reid B, Lyall AE, Cetin-Karayumak S, Kubicki A, Espinoza R, Kruse J, Narr KL, Kubicki M.",Transl Psychiatry. 2022 May 7;12(1):191. doi: 10.1038/s41398-022-01960-8.,Andreou B,Transl Psychiatry,2022,2022/05/06,PMC9076613,,10.1038/s41398-022-01960-8,MP,1,19,23,,,,0,,,,
35407365,Aberrant Structural Connectivity of the Triple Network System in Borderline Personality Disorder Is Associated with Behavioral Dysregulation,"Quattrini G, Magni LR, Lanfredi M, Pedrini L, Carcione A, Riccardi I, Corbo D, Gasparotti R, Rossi R, Pievani M, The Climamithe Study Group.",J Clin Med. 2022 Mar 22;11(7):1757. doi: 10.3390/jcm11071757.,Quattrini G,J Clin Med,2022,2022/04/12,PMC8999477,,10.3390/jcm11071757,MP,1,60,26,,,,0,,,,
35875689,Abnormalities of structural brain connectivity in pediatric brain tumor survivors,"Oyefiade A, Moxon-Emre I, Beera K, Bouffet E, Taylor M, Ramaswamy V, Laughlin S, Skocic J, Mabbott DJ.",Neurooncol Adv. 2022 May 4;4(1):vdac064. doi: 10.1093/noajnl/vdac064. eCollection 2022 Jan-Dec.,Oyefiade A,Neurooncol Adv,2022,2022/07/25,PMC9297943,,10.1093/noajnl/vdac064,MP,1,28,13,,,,0,,,,
35212837,A Comparative Analysis of White Matter Structural Networks on SCLC Patients After Chemotherapy,"Mentzelopoulos A, Karanasiou I, Papathanasiou M, Kelekis N, Kouloulias V, Matsopoulos GK.",Brain Topogr. 2022 May;35(3):352-362. doi: 10.1007/s10548-022-00892-2. Epub 2022 Feb 25.,Mentzelopoulos A,Brain Topogr,2022,2022/02/25,,,10.1007/s10548-022-00892-2,MP,1,20,14,,,,0,,,,
36102287,Early effect of thrombolysis on structural brain network organisation after anterior-circulation stroke in the randomized WAKE-UP trial,"Schlemm E, Jensen M, Kuceyeski A, Jamison K, Ingwersen T, Mayer C, Königsberg A, Boutitie F, Ebinger M, Endres M, Fiebach JB, Fiehler J, Galinovic I, Lemmens R, Muir KW, Nighoghossian N, Pedraza S, Puig J, Simonsen CZ, Thijs V, Wouters A, Gerloff C, Thomalla G, Cheng B.",Hum Brain Mapp. 2022 Sep 14. doi: 10.1002/hbm.26073. Online ahead of print.,Schlemm E,Hum Brain Mapp,2022,2022/09/14,,,10.1002/hbm.26073,MP,1,269,127,142,,,0,,,,
35689975,Posterior-prefrontal and medial orbitofrontal regions play crucial roles in happiness and sadness recognition,"Nakajima R, Kinoshita M, Okita H, Nakada M.",Neuroimage Clin. 2022;35:103072. doi: 10.1016/j.nicl.2022.103072. Epub 2022 Jun 2.,Nakajima R,Neuroimage Clin,2022,2022/06/11,PMC9192961,,10.1016/j.nicl.2022.103072,MP,1,44,33,,,,0,,,,
34982705,Inferring the Individual Psychopathologic Deficits With Structural Connectivity in a Longitudinal Cohort of Schizophrenia,"Sun Y, Zhang Z, Kakkos I, Matsopoulos GK, Yuan J, Suckling J, Xu L, Cao S, Chen W, Hu X, Li T, Sim K, Qi P, Sun Y.",IEEE J Biomed Health Inform. 2022 Jun;26(6):2536-2546. doi: 10.1109/JBHI.2021.3139701. Epub 2022 Jun 3.,Sun Y,IEEE J Biomed Health Inform,2022,2022/01/04,,,10.1109/JBHI.2021.3139701,MP,0,NO ACCESS,,,,,,,,NO ACCESS,
35580809,Functional connectivity maps of theta/alpha and beta coherence within the subthalamic nucleus region,"van Wijk BCM, Neumann WJ, Kroneberg D, Horn A, Irmen F, Sander TH, Wang Q, Litvak V, Kühn AA.",Neuroimage. 2022 Aug 15;257:119320. doi: 10.1016/j.neuroimage.2022.119320. Epub 2022 May 14.,van Wijk BCM,Neuroimage,2022,2022/05/17,,,10.1016/j.neuroimage.2022.119320,MP,0,,,,,,,,,fmri,
35714857,Large-Scale Exploration of Whole-Brain Structural Connectivity in Anorexia Nervosa: Alterations in the Connectivity of Frontal and Subcortical Networks,"Lloyd EC, Foerde KE, Muratore AF, Aw N, Semanek D, Steinglass JE, Posner J.",Biol Psychiatry Cogn Neurosci Neuroimaging. 2022 Jun 15:S2451-9022(22)00146-X. doi: 10.1016/j.bpsc.2022.06.002. Online ahead of print.,Lloyd EC,Biol Psychiatry Cogn Neurosci Neuroimaging,2022,2022/06/17,,,10.1016/j.bpsc.2022.06.002,MP,1,147,119,,,,0,,,,
35671900,Structural and functional connectivity abnormalities of the default mode network in patients with Alzheimer's disease and mild cognitive impairment within two independent datasets,"Zhou B, Dou X, Wang W, Yao H, Feng F, Wang P, Yang Z, An N, Liu B, Zhang X, Liu Y.",Methods. 2022 Sep;205:29-38. doi: 10.1016/j.ymeth.2022.06.001. Epub 2022 Jun 6.,Zhou B,Methods,2022,2022/06/07,,,10.1016/j.ymeth.2022.06.001,MP,1,82,71,89,,,0,,,discover+replication set combined in numbers,
35948264,Structural connectivity of the ANT region based on human ex-vivo and HCP data. Relevance for DBS in ANT for epilepsy,"Majtanik M, Gielen F, Coenen VA, Lehtimäki K, Mai JK.",Neuroimage. 2022 Nov 15;262:119551. doi: 10.1016/j.neuroimage.2022.119551. Epub 2022 Aug 7.,Majtanik M,Neuroimage,2022,2022/08/10,,,10.1016/j.neuroimage.2022.119551,MP,0,,,,,,,,,,
35674920,Brain structural connectivity sub typing in unilateral temporal lobe epilepsy,"Li Z, Jiang C, Xiang W, Qi Z, Gao Q, Peng K, Lin J, Wang W, Wang W, Deng B.",Brain Imaging Behav. 2022 Jun 8. doi: 10.1007/s11682-022-00691-0. Online ahead of print.,Li Z,Brain Imaging Behav,2022,2022/06/08,,,10.1007/s11682-022-00691-0,MP,1,59,100,,,,0,,,,
35260657,Epidemic models characterize seizure propagation and the effects of epilepsy surgery in individualized brain networks based on MEG and invasive EEG recordings,"Millán AP, van Straaten ECW, Stam CJ, Nissen IA, Idema S, Baayen JC, Van Mieghem P, Hillebrand A.",Sci Rep. 2022 Mar 8;12(1):4086. doi: 10.1038/s41598-022-07730-2.,Millán AP,Sci Rep,2022,2022/03/09,PMC8904850,,10.1038/s41598-022-07730-2,MP,0,,,,,,,,,,
35273555,Convergent and Divergent Structural Connectivity of Brain White Matter Network Between Patients With Erectile Dysfunction and Premature Ejaculation: A Graph Theory Analysis Study,"Zhang T, Yuan P, Cui Y, Yuan W, Jiang D.",Front Neurol. 2022 Feb 22;13:804207. doi: 10.3389/fneur.2022.804207. eCollection 2022.,Zhang T,Front Neurol,2022,2022/03/11,PMC8902049,,10.3389/fneur.2022.804207,MP,1,28,28,,,,0,0,,,
35220205,Altered transcallosal fiber count and volume in high-functioning adults with autism spectrum disorder,"Nickel K, Perlov E, Reisert M, Runge K, Friedel E, Denzel D, Ebert D, Endres D, Domschke K, Tebartz van Elst L, Maier S.",Psychiatry Res Neuroimaging. 2022 Jun;322:111464. doi: 10.1016/j.pscychresns.2022.111464. Epub 2022 Feb 22.,Nickel K,Psychiatry Res Neuroimaging,2022,2022/02/27,,,10.1016/j.pscychresns.2022.111464,MP,1,30,30,,,,0,,,,
35796680,"Altered MRI Diffusion Properties of the White Matter Tracts Connecting Frontal and Thalamic Brain Regions in First-Episode, Drug-Naïve Patients With Postpartum Depression","Long X, Zhou Y, Zhang F, Li F, Wang X, Meng Y, Roberts N, Cheng B, Jia Z.",J Magn Reson Imaging. 2022 Jul 7. doi: 10.1002/jmri.28346. Online ahead of print.,Long X,J Magn Reson Imaging,2022,2022/07/07,,,10.1002/jmri.28346,MP,1,51,49,,,,0,,,,
35278159,Brain structural changes in regions within the salience network in patients with functional constipation,"Jia Z, Li G, Hu Y, Li H, Zhang W, Wang J, Zhang L, Tan Z, Lv S, M von Deneen K, Duan S, Cui G, Zhang Y, Nie Y.",Brain Imaging Behav. 2022 Aug;16(4):1741-1748. doi: 10.1007/s11682-022-00648-3. Epub 2022 Mar 12.,Jia Z,Brain Imaging Behav,2022,2022/03/12,,,10.1007/s11682-022-00648-3,MP,1,48,52,,,,0,,,,
35306728,Reduced structural connectivity in the corpus callosum in patients with anorexia nervosa,"Maier S, Joos A, Tebartz van Elst L, Ebert D, Endres D, Domschke K, Lahmann C, Zeeck A, Runge K, Denzel D, Reisert M, Nickel K.",Eur Eat Disord Rev. 2022 Jul;30(4):341-352. doi: 10.1002/erv.2894. Epub 2022 Mar 20.,Maier S,Eur Eat Disord Rev,2022,2022/03/20,,,10.1002/erv.2894,MP,1,33,33,20,,,0,,,,
35017258,Optimising treatment expectations in chronic lower back pain through observing others: a study protocol for a randomised clinical trial,"Stuhlreyer J, Schwartz M, Friedheim T, Zöllner C, Klinger R.",BMJ Open. 2022 Jan 11;12(1):e059044. doi: 10.1136/bmjopen-2021-059044.,Stuhlreyer J,BMJ Open,2022,2022/01/12,PMC8753422,,10.1136/bmjopen-2021-059044,MP,0,30,30,30,30,30,1,1,,"Pre registration, maar eentje met power analysis! Ze gaan uit van een effect size van d=0.4 ",
34799514,Network dysfunction in pre and postsurgical epilepsy: connectomics as a tool and not a destination,"Johnson GW, Doss DJ, Englot DJ.",Curr Opin Neurol. 2022 Apr 1;35(2):196-201. doi: 10.1097/WCO.0000000000001008.,Johnson GW,Curr Opin Neurol,2022,2021/11/20,PMC8891078,NIHMS1756759,10.1097/WCO.0000000000001008,B,0,,,,,,,,,review,
35322812,Network analysis shows decreased ipsilesional structural connectivity in glioma patients,"Fekonja LS, Wang Z, Cacciola A, Roine T, Aydogan DB, Mewes D, Vellmer S, Vajkoczy P, Picht T.",Commun Biol. 2022 Mar 23;5(1):258. doi: 10.1038/s42003-022-03190-6.,Fekonja LS,Commun Biol,2022,2022/03/24,PMC8943189,,10.1038/s42003-022-03190-6,S,0,,,,,,,,,not a case-control study,
36085972,Sparsity Dependent Metrics Depict Alteration of Brain Network Connectivity in Parkinson's Disease,"Samantaray T, Saini J, Gupta CN.",Annu Int Conf IEEE Eng Med Biol Soc. 2022 Jul;2022:698-701. doi: 10.1109/EMBC48229.2022.9871258.,Samantaray T,Annu Int Conf IEEE Eng Med Biol Soc,2022,2022/09/10,,,10.1109/EMBC48229.2022.9871258,B,0,NO ACCESS,,,,,,,,,
35292403,Imaging versus electrographic connectivity in human mood-related fronto-temporal networks,"Adkinson JA, Tsolaki E, Sheth SA, Metzger BA, Robinson ME, Oswalt D, McIntyre CC, Mathura RK, Waters AC, Allawala AB, Noecker AM, Malekmohammadi M, Chiu K, Mustakos R, Goodman W, Borton D, Pouratian N, Bijanki KR.",Brain Stimul. 2022 May-Jun;15(3):554-565. doi: 10.1016/j.brs.2022.03.002. Epub 2022 Mar 12.,Adkinson JA,Brain Stimul,2022,2022/03/16,PMC9232982,NIHMS1793961,10.1016/j.brs.2022.03.002,S,0,,,,,,,,,not a case-control study,
35431262,Structural Connectivity of Subthalamic Nucleus Stimulation for Improving Freezing of Gait,"Strelow JN, Baldermann JC, Dembek TA, Jergas H, Petry-Schmelzer JN, Schott F, Dafsari HS, Moll CKE, Hamel W, Gulberti A, Visser-Vandewalle V, Fink GR, Pötter-Nerger M, Barbe MT.",J Parkinsons Dis. 2022;12(4):1251-1267. doi: 10.3233/JPD-212997.,Strelow JN,J Parkinsons Dis,2022,2022/04/18,,,10.3233/JPD-212997,S,0,,,,,,,,,not a case-control study,
35121273,Use of machine learning in predicting the efficacy of repetitive transcranial magnetic stimulation on treating depression based on functional and structural thalamo-prefrontal connectivity: A pilot study,"Chen D, Lei X, Du L, Long Z.",J Psychiatr Res. 2022 Apr;148:88-94. doi: 10.1016/j.jpsychires.2022.01.064. Epub 2022 Jan 30.,Chen D,J Psychiatr Res,2022,2022/02/05,,,10.1016/j.jpsychires.2022.01.064,S,1,22,11,,,,1,0,limitation,"seed; ""the sample size was small, which might reduce the power of prediction""",
35665464,The distinct disrupted plasticity in structural and functional network in mild stroke with basal ganglia region infarcts,"Zhu H, Zuo L, Zhu W, Jing J, Zhang Z, Ding L, Wang F, Cheng J, Wu Z, Wang Y, Liu T, Li Z.",Brain Imaging Behav. 2022 Jun 4. doi: 10.1007/s11682-022-00689-8. Online ahead of print.,Zhu H,Brain Imaging Behav,2022,2022/06/06,,,10.1007/s11682-022-00689-8,S,1,23,17,29,,,1,0,motivation,"""We used the correction for family-wise error rate to control the power of the analysis (Zalesky et al., 2010)""",
35105657,Personalized Connectome-Based Modeling in Patients with Semi-Acute Phase TBI: Relationship to Acute Neuroimaging and 6 Month Follow-Up,"Good T, Schirner M, Shen K, Ritter P, Mukherjee P, Levine B, McIntosh AR.",eNeuro. 2022 Feb 16;9(1):ENEURO.0075-21.2022. doi: 10.1523/ENEURO.0075-21.2022. Print 2022 Jan-Feb.,Good T,eNeuro,2022,2022/02/02,PMC8856703,,10.1523/ENEURO.0075-21.2022,S,1,14,30,36,,,1,0,"interpretation, limitation","""We suspect that this was because of a lack of statistical power (n = 11) in the within-group behavioral PLS""; ""future work with larger sample sizes may allow for subtyping moderate to severe TBI patients by lesion type and location, which would allow for greater power in detecting changes to local network dynamics.""; ""If you are looking for changes in model parameters in specific regions, but the actual injury in the patient population varies, this will limit the power of the approach""",
35912136,Structural disconnection and functional reorganization in Fabry disease: a multimodal MRI study,"Gabusi I, Pontillo G, Petracca M, Battocchio M, Bosticardo S, Costabile T, Daducci A, Pane C, Riccio E, Pisani A, Brunetti A, Schiavi S, Cocozza S.",Brain Commun. 2022 Jul 22;4(4):fcac187. doi: 10.1093/braincomms/fcac187. eCollection 2022.,Gabusi I,Brain Commun,2022,2022/08/01,PMC9327118,,10.1093/braincomms/fcac187,S,1,46,49,,,,0,,,,
35107879,Glymphatic system function in patients with newly diagnosed focal epilepsy,"Lee DA, Park BS, Ko J, Park SH, Park JH, Kim IH, Lee YJ, Park KM.",Brain Behav. 2022 Mar;12(3):e2504. doi: 10.1002/brb3.2504. Epub 2022 Feb 2.,Lee DA,Brain Behav,2022,2022/02/02,PMC8933756,,10.1002/brb3.2504,S,1,109,88,,,,0,,,seed,
35000065,Fiber connectivity density mapping in end-stage renal disease patients: a preliminary study,"Ma C, Jiang X, Ren Y, Gu G, Fu A, Wang C, Bai P, Zhou T, Qin S, Fu S.",Brain Imaging Behav. 2022 Jun;16(3):1314-1323. doi: 10.1007/s11682-021-00604-7. Epub 2022 Jan 9.,Ma C,Brain Imaging Behav,2022,2022/01/09,,,10.1007/s11682-021-00604-7,S,1,25,20,,,,1,0,,"""the small sample size leads to a lack of statistical power""",
36048718,Insights into functional connectivity in mammalian signal transduction pathways by pairwise comparison of protein interaction partners of critical signaling hubs,Ramana CV.,Biomol Concepts. 2022 Sep 1;13(1):298-313. doi: 10.1515/bmc-2022-0023. eCollection 2022 Jan 1.,Ramana CV,Biomol Concepts,2022,2022/09/01,,,10.1515/bmc-2022-0023,S,0,,,,,,,,,not a human study,
35470559,Reduced structural connectivity of the amygdala is associated with childhood trauma in adult patients with alcohol use disorder,"Soravia LM, Denier N, Moggi F, Grieder M, Federspiel A, Tschuemperlin RM, Batschelet HM, Vollstädt-Klein S, Wiest R, Stein M, Bracht T.",Addict Biol. 2022 May;27(3):e13164. doi: 10.1111/adb.13164.,Soravia LM,Addict Biol,2022,2022/04/26,PMC9286842,,10.1111/adb.13164,MP,1,20,21,,,,0,,,,
35780276,Alterations in Functional and Structural Connectivity of Basal Ganglia Network in Patients with Obesity,"Tan Z, Hu Y, Ji G, Li G, Ding Y, Zhang W, Wang J, Jia Z, Zhang L, Li H, von Deneen KM, Han Y, Cui G, Manza P, Volkow ND, Nie Y, Wang GJ, Zhang Y.",Brain Topogr. 2022 Jul;35(4):453-463. doi: 10.1007/s10548-022-00906-z. Epub 2022 Jul 2.,Tan Z,Brain Topogr,2022,2022/07/02,,,10.1007/s10548-022-00906-z,MP,1,35,32,,,,0,,,,
35310111,"Identifying Changes of Brain Regional Homogeneity and Cingulo-Opercular Network Connectivity in First-Episode, Drug-Naïve Depressive Patients With Suicidal Ideation","He M, Ping L, Chu Z, Zeng C, Shen Z, Xu X.",Front Neurosci. 2022 Mar 2;16:856366. doi: 10.3389/fnins.2022.856366. eCollection 2022.,He M,Front Neurosci,2022,2022/03/21,PMC8924659,,10.3389/fnins.2022.856366,MP,0,129,69,,,,,,,,
36208548,"Effects of hyperbaric oxygen therapy on functional and structural connectivity in post-COVID-19 condition patients: A randomized, sham-controlled trial","Catalogna M, Sasson E, Hadanny A, Parag Y, Zilberman-Itskovich S, Efrati S.",Neuroimage Clin. 2022 Oct 3;36:103218. doi: 10.1016/j.nicl.2022.103218. Online ahead of print.,Catalogna M,Neuroimage Clin,2022,2022/10/08,PMC9528018,,10.1016/j.nicl.2022.103218,MP,0,,,,,,,,,,
35344052,White matter tract disruption is associated with ipsilateral hand impairment in subacute stroke: a diffusion MRI study,"Hannanu FF, Naegele B, Hommel M, Krainik A, Detante O, Jaillard A.",Neuroradiology. 2022 Aug;64(8):1605-1615. doi: 10.1007/s00234-022-02927-8. Epub 2022 Mar 28.,Hannanu FF,Neuroradiology,2022,2022/03/28,,,10.1007/s00234-022-02927-8,MP,1,31,31,,,,0,,,,
35483134,Thalamic structural connectivity profiles in blepharospam/Meige's syndrome,"Mantel T, Jochim A, Meindl T, Deppe J, Zimmer C, Li Y, Haslinger B.",Neuroimage Clin. 2022;34:103013. doi: 10.1016/j.nicl.2022.103013. Epub 2022 Apr 22.,Mantel T,Neuroimage Clin,2022,2022/04/28,PMC9125780,,10.1016/j.nicl.2022.103013,MP,1,17,17,,,,1,0,motivation,motivation,
35168208,Long-term changes in functional connectivity improve prediction of responses to intracranial stimulation of the human brain,"A Papasavvas C, Neal Taylor P, Wang Y.",J Neural Eng. 2022 Mar 11;19(2). doi: 10.1088/1741-2552/ac5568.,A Papasavvas C,J Neural Eng,2022,2022/02/15,,,10.1088/1741-2552/ac5568,MP,0,,,,,,,,,,
34156469,Brain white matter extracellular free-water increases are related to reduced neurocognitive function in systemic lupus erythematosus,"Qian X, Ji F, Ng KK, Koh AJ, Loo BRY, Townsend MC, Pasternak O, Tay SH, Zhou JH, Mak A.",Rheumatology (Oxford). 2022 Mar 2;61(3):1166-1174. doi: 10.1093/rheumatology/keab511.,Qian X,Rheumatology (Oxford),2022,2021/06/22,,,10.1093/rheumatology/keab511,MP,1,61,20,,,,0,,,,
35864386,Long-term changes in insula-mesolimbic structural and functional connectivity in obese patients after laparoscopic sleeve gastrectomy,"Li H, Hu Y, Li G, Zhang W, Wang J, Tan Z, Jia Z, Zhang L, Lv S, Yu J, Han Y, Cui G, Manza P, Volkow ND, Nie Y, Ji G, Wang GJ, Zhang Y.",Clin Auton Res. 2022 Aug;32(4):237-247. doi: 10.1007/s10286-022-00877-y. Epub 2022 Jul 21.,Li H,Clin Auton Res,2022,2022/07/21,,,10.1007/s10286-022-00877-y,MP,0,25,,,,,,,,,
35020255,Maladaptive motor cortical excitability and connectivity in polyneuropathy with neuropathic pain,"Chiang MC, Hsueh HW, Yeh TY, Cheng YY, Kao YH, Chang KC, Feng FP, Chao CC, Hsieh ST.",Eur J Neurol. 2022 May;29(5):1465-1476. doi: 10.1111/ene.15247. Epub 2022 Jan 20.,Chiang MC,Eur J Neurol,2022,2022/01/12,,,10.1111/ene.15247,MP,1,15,21,,,,0,,,,
35055396,Changes in Bihemispheric Structural Connectivity Following Middle Cerebral Artery Infarction,"Kim DH, Kang H.",J Pers Med. 2022 Jan 10;12(1):81. doi: 10.3390/jpm12010081.,Kim DH,J Pers Med,2022,2022/01/21,PMC8781463,,10.3390/jpm12010081,MP,1,18,9,,,,0,,,,
35733434,Structure-function coupling as a correlate and potential biomarker of cognitive impairment in multiple sclerosis,"Kulik SD, Nauta IM, Tewarie P, Koubiyr I, van Dellen E, Ruet A, Meijer KA, de Jong BA, Stam CJ, Hillebrand A, Geurts JJG, Douw L, Schoonheim MM.",Netw Neurosci. 2022 Jun 1;6(2):339-356. doi: 10.1162/netn_a_00226. eCollection 2022 Jun.,Kulik SD,Netw Neurosci,2022,2022/06/23,PMC9208024,,10.1162/netn_a_00226,MP,1,40,79,,,,0,,,,
35429070,Contrast agent-free state-of-the-art magnetic resonance imaging on cerebral small vessel disease - Part 2: Diffusion tensor imaging and functional magnetic resonance imaging,"da Silva PHR, Paschoal AM, Secchinatto KF, Zotin MCZ, Dos Santos AC, Viswanathan A, Pontes-Neto OM, Leoni RF.",NMR Biomed. 2022 Aug;35(8):e4743. doi: 10.1002/nbm.4743. Epub 2022 May 6.,da Silva PHR,NMR Biomed,2022,2022/04/16,,,10.1002/nbm.4743,MP,0,,,,,,,,,,
35560062,Patient-specific structural connectivity informs outcomes of responsive neurostimulation for temporal lobe epilepsy,"Charlebois CM, Anderson DN, Johnson KA, Philip BJ, Davis TS, Newman BJ, Peters AY, Arain AM, Dorval AD, Rolston JD, Butson CR.",Epilepsia. 2022 Aug;63(8):2037-2055. doi: 10.1111/epi.17298. Epub 2022 Jun 4.,Charlebois CM,Epilepsia,2022,2022/05/13,,,10.1111/epi.17298,MP,0,,,,,,,,,,
35012507,Age-associated network controllability changes in first episode drug-naïve schizophrenia,"Tang B, Zhang W, Deng S, Liu J, Hu N, Gong Q, Gu S, Lui S.",BMC Psychiatry. 2022 Jan 10;22(1):26. doi: 10.1186/s12888-021-03674-5.,Tang B,BMC Psychiatry,2022,2022/01/11,PMC8744281,,10.1186/s12888-021-03674-5,MP,1,175,155,,,,0,,,,
35903059,The Relationship Between Frontostriatal Connectivity and Striatal Dopamine Function in Schizophrenia: An 18F-DOPA PET and Diffusion Tensor Imaging Study in Treatment Responsive and Resistant Patients,"Shin S, Jung WH, McCutcheon R, Veronese M, Beck K, Lee JS, Lee YS, Howes OD, Kim E, Kwon JS.",Psychiatry Investig. 2022 Jul;19(7):570-579. doi: 10.30773/pi.2022.0033. Epub 2022 Jul 21.,Shin S,Psychiatry Investig,2022,2022/07/29,PMC9334810,,10.30773/pi.2022.0033,B,1,24,12,,,,0,,,tract-specific,
35966068,Differences in structural connectivity between diabetic and psychological erectile dysfunction revealed by network-based statistic: A diffusion tensor imaging study,"Chen J, Wu J, Huang X, Sun R, Xiang Z, Xu Y, Chen S, Xu W, Yang J, Chen Y.",Front Endocrinol (Lausanne). 2022 Jul 27;13:892563. doi: 10.3389/fendo.2022.892563. eCollection 2022.,Chen J,Front Endocrinol (Lausanne),2022,2022/08/15,PMC9365033,,10.3389/fendo.2022.892563,B,1,30,32,31,47,,1,0,motivation,"Therefore, NBS is a statistical approach that controls the family-wise error rate across all connections of the brain network, which offers more power than the method of false discovery rate.",
35198768,MRI biomarkers for Alzheimer's disease: the impact of functional connectivity in the default mode network and structural connectivity between lobes on diagnostic accuracy,"Mohtasib R, Alghamdi J, Jobeir A, Masawi A, Pedrosa de Barros N, Billiet T, Struyfs H, Phan TV, Van Hecke W, Ribbens A.",Heliyon. 2022 Feb 2;8(2):e08901. doi: 10.1016/j.heliyon.2022.e08901. eCollection 2022 Feb.,Mohtasib R,Heliyon,2022,2022/02/24,PMC8841367,,10.1016/j.heliyon.2022.e08901,B,1,20,20,,,,0,,,prediction,
35875799,Pedunculopontine Nucleus Dysconnectivity Correlates With Gait Impairment in Parkinson's Disease: An Exploratory Study,"Joza S, Camicioli R, Martin WRW, Wieler M, Gee M, Ba F.",Front Aging Neurosci. 2022 Jul 8;14:874692. doi: 10.3389/fnagi.2022.874692. eCollection 2022.,Joza S,Front Aging Neurosci,2022,2022/07/25,PMC9304714,,10.3389/fnagi.2022.874692,B,1,20,15,,,,1,1,limitation,tract-specific,
35662573,Multi-modality connectome-based predictive modeling of individualized compulsions in obsessive-compulsive disorder,"Zhu C, Fu Z, Chen L, Yu F, Zhang J, Zhang Y, Ai H, Chen L, Sui P, Wu Q, Luo Y, Xu P, Wang K.",J Affect Disord. 2022 Aug 15;311:595-603. doi: 10.1016/j.jad.2022.05.120. Epub 2022 May 31.,Zhu C,J Affect Disord,2022,2022/06/06,,,10.1016/j.jad.2022.05.120,B,0,,,,,,,,,prediction,
36161172,White matter alterations in pediatric brainstem glioma: An national brain tumor registry of China study,"Zhang P, Gu G, Duan Y, Zhuo Z, Pan C, Zuo P, Wang Y, Li X, Jiang Z, Qu L, Liu Y, Zhang L.",Front Neurosci. 2022 Sep 9;16:986873. doi: 10.3389/fnins.2022.986873. eCollection 2022.,Zhang P,Front Neurosci,2022,2022/09/26,PMC9500240,,10.3389/fnins.2022.986873,B,1,50,100,,,,0,,,,
35233523,Structural connectivity associated with the sense of body ownership: a diffusion tensor imaging and disconnection study in patients with bodily awareness disorder,"Errante A, Rossi Sebastiano A, Ziccarelli S, Bruno V, Rozzi S, Pia L, Fogassi L, Garbarini F.",Brain Commun. 2022 Feb 11;4(1):fcac032. doi: 10.1093/braincomms/fcac032. eCollection 2022.,Errante A,Brain Commun,2022,2022/03/02,PMC8882004,,10.1093/braincomms/fcac032,B,0,,,,,,,,,not case control,
35594873,Brain atrophy in prodromal synucleinopathy is shaped by structural connectivity and gene expression,"Rahayel S, Tremblay C, Vo A, Zheng YQ, Lehéricy S, Arnulf I, Vidailhet M, Corvol JC; ICEBERG Study Group, Gagnon JF, Postuma RB, Montplaisir J, Lewis S, Matar E, Ehgoetz Martens K, Borghammer P, Knudsen K, Hansen A, Monchi O, Misic B, Dagher A.",Brain. 2022 Sep 14;145(9):3162-3178. doi: 10.1093/brain/awac187.,Rahayel S,Brain,2022,2022/05/20,,,10.1093/brain/awac187,MP,0,,,,,,,,,,
36203254,White Matter Integrity in Men With Benign Prostatic Hyperplasia and Bladder Outlet Obstruction and Its Contribution to Lower Urinary Tract Symptoms,"Jang Y, Tran K, Hubbard L, Choksi D, Gonzalez RR, Karmonik C, Shi Z, Khavari R.",Int Neurourol J. 2022 Sep;26(3):219-226. doi: 10.5213/inj.2244018.009. Epub 2022 Sep 30.,Jang Y,Int Neurourol J,2022,2022/10/07,,,10.5213/inj.2244018.009,MP,1,81,50,,,,0,,,,
36114041,Shared and Specific Patterns of Structural Brain Connectivity Across Affective and Psychotic Disorders,"Repple J, Gruber M, Mauritz M, de Lange SC, Winter NR, Opel N, Goltermann J, Meinert S, Grotegerd D, Leehr EJ, Enneking V, Borgers T, Klug M, Lemke H, Waltemate L, Thiel K, Winter A, Breuer F, Grumbach P, Hofmann H, Stein F, Brosch K, Ringwald KG, Pfarr J, Thomas-Odenthal F, Meller T, Jansen A, Nenadic I, Redlich R, Bauer J, Kircher T, Hahn T, van den Heuvel M, Dannlowski U.",Biol Psychiatry. 2022 Jun 21:S0006-3223(22)01358-0. doi: 10.1016/j.biopsych.2022.05.031. Online ahead of print.,Repple J,Biol Psychiatry,2022,2022/09/16,,,10.1016/j.biopsych.2022.05.031,MP,1,842,112,69,,,0,,,,
35343756,Longitudinal Changes in Structural Connectivity in Young People at High Genetic Risk for Bipolar Disorder,"Roberts G, Perry A, Ridgway K, Leung V, Campbell M, Lenroot R, Mitchell PB, Breakspear M.",Am J Psychiatry. 2022 May;179(5):350-361. doi: 10.1176/appi.ajp.21010047. Epub 2022 Mar 28.,Roberts G,Am J Psychiatry,2022,2022/03/28,,,10.1176/appi.ajp.21010047,MP,1,97,86,,,,1,0,limitation,"While our study is well powered to achieve the primary objectives (of a group-by-time effect), only a small number of participants developed a first mood episode between baseline and follow-up. ",
35690116,Structural connectivity and intelligence in brain-injured children,"Oyefiade A, Moxon-Emre I, Beera K, Bouffet E, Taylor M, Ramaswamy V, Laughlin S, Skocic J, Mabbott D.",Neuropsychologia. 2022 Aug 13;173:108285. doi: 10.1016/j.neuropsychologia.2022.108285. Epub 2022 Jun 9.,Oyefiade A,Neuropsychologia,2022,2022/06/11,,,10.1016/j.neuropsychologia.2022.108285,MP,1,36,35,,,,0,,,,
35349891,Structural connectivity in children after total corpus callosotomy,"Lee CC, Hung SC, Chen YH, Chen HH, Chen C, Chen CJ, Wu HM, Lin CP, Peng SJ.",Epilepsy Res. 2022 May;182:106908. doi: 10.1016/j.eplepsyres.2022.106908. Epub 2022 Mar 15.,Lee CC,Epilepsy Res,2022,2022/03/29,,,10.1016/j.eplepsyres.2022.106908,MP,0,,,,,,,,,,
35237197,Mindfulness-Based Cognitive Therapy Regulates Brain Connectivity in Patients With Late-Life Depression,"Li H, Yan W, Wang Q, Liu L, Lin X, Zhu X, Su S, Sun W, Sui M, Bao Y, Lu L, Deng J, Sun X.",Front Psychiatry. 2022 Feb 14;13:841461. doi: 10.3389/fpsyt.2022.841461. eCollection 2022.,Li H,Front Psychiatry,2022,2022/03/03,PMC8882841,,10.3389/fpsyt.2022.841461,MP,1,30,30,,,,1,0,limitation,sample size,
35152053,"Link between structural connectivity of the medial forebrain bundle, functional connectivity of the ventral tegmental area, and anhedonia in unipolar depression","Bracht T, Mertse N, Walther S, Lüdi K, Breit S, Federspiel A, Wiest R, Denier N.",Neuroimage Clin. 2022;34:102961. doi: 10.1016/j.nicl.2022.102961. Epub 2022 Feb 8.,Bracht T,Neuroimage Clin,2022,2022/02/13,PMC8844724,,10.1016/j.nicl.2022.102961,MP,1,56,22,,,,1,1,motivation,G*power,"ith an effect size of f = 0.4, alpha = 0.05, beta = 0.8, number of groups = 2, numerator df = 1, number of groups = 2, and number of covariates = 2"
35332961,Distinct brain structural-functional network topological coupling explains different outcomes in tinnitus patients treated with sound therapy,"Chen Q, Lv H, Wang Z, Wei X, Liu J, Liu F, Zhao P, Yang Z, Gong S, Wang Z.",Hum Brain Mapp. 2022 Jul;43(10):3245-3256. doi: 10.1002/hbm.25848. Epub 2022 Mar 25.,Chen Q,Hum Brain Mapp,2022,2022/03/25,PMC9189078,,10.1002/hbm.25848,MP,1,28,32,,,,0,,,,
35578209,Abnormal brain functional and structural connectivity between the left supplementary motor area and inferior frontal gyrus in moyamoya disease,"Hu J, Li Y, Li Z, Chen J, Cao Y, Xu D, Zheng L, Bai R, Wang L.",BMC Neurol. 2022 May 16;22(1):179. doi: 10.1186/s12883-022-02705-2.,Hu J,BMC Neurol,2022,2022/05/16,PMC9108139,,10.1186/s12883-022-02705-2,MP,1,22,10,,,,1,0,motivation,"Therefore, we used ROI-based analyses in this study, which we considered to be more powerful for investigating the abnormal brain functional connectivity at the regional leve",
35678063,Changes in the Cerebello-Thalamo-Cortical Network After Magnetic Resonance-Guided Focused Ultrasound Thalamotomy,"Thaler C, Tian Q, Wintermark M, Ghanouni P, Halpern CH, Henderson JM, Airan RD, Zeineh M, Goubran M, Leuze C, Fiehler J, Butts Pauly K, McNab JA.",Brain Connect. 2022 Jul 7. doi: 10.1089/brain.2021.0157. Online ahead of print.,Thaler C,Brain Connect,2022,2022/06/09,,,10.1089/brain.2021.0157,MP,0,,,,,,,,,,
35904594,Characterization of the angular gyrus in an older adult population: a multimodal multilevel approach,"Jockwitz C, Krämer C, Stumme J, Dellani P, Moebus S, Bittner N, Caspers S.",Brain Struct Funct. 2022 Jul 29. doi: 10.1007/s00429-022-02529-3. Online ahead of print.,Jockwitz C,Brain Struct Funct,2022,2022/07/29,,,10.1007/s00429-022-02529-3,MP,0,,,,,,,,,,
36053756,Microglial Activation and Connectivity in Alzheimer Disease and Aging,"Rauchmann BS, Brendel M, Franzmeier N, Trappmann L, Zaganjori M, Ersoezlue E, Morenas-Rodriguez E, Guersel S, Burow L, Kurz C, Haeckert J, Tatò M, Utecht J, Papazov B, Pogarell O, Janowitz D, Buerger K, Ewers M, Palleis C, Weidinger E, Biechele G, Schuster S, Finze A, Eckenweber F, Rupprecht R, Rominger A, Goldhardt O, Grimmer T, Keeser D, Stoecklein S, Dietrich O, Bartenstein P, Levin J, Höglinger G, Perneczky R.",Ann Neurol. 2022 Aug 1. doi: 10.1002/ana.26465. Online ahead of print.,Rauchmann BS,Ann Neurol,2022,2022/09/02,,,10.1002/ana.26465,MP,0,32,18,,,,,,,,
35485481,Structural brain connectivity in patients with restless legs syndrome: a diffusion tensor imaging study,"Park KM, Kim KT, Lee DA, Cho YW.",Sleep. 2022 Jul 11;45(7):zsac099. doi: 10.1093/sleep/zsac099.,Park KM,Sleep,2022,2022/04/29,,,10.1093/sleep/zsac099,MP,1,69,50,,,,0,,,,
35413481,Complex negative emotions induced by electrical stimulation of the human hypothalamus,"Parvizi J, Veit MJ, Barbosa DAN, Kucyi A, Perry C, Parker JJ, Shivacharan RS, Chen F, Yih J, Gross JJ, Fisher R, McNab JA, Falco-Walter J, Halpern CH.",Brain Stimul. 2022 May-Jun;15(3):615-623. doi: 10.1016/j.brs.2022.04.008. Epub 2022 Apr 9.,Parvizi J,Brain Stimul,2022,2022/04/12,,,10.1016/j.brs.2022.04.008,MP,0,,,,,,,,,,
35262667,Functional and structural brain network correlates of visual hallucinations in Lewy body dementia,"Mehraram R, Peraza LR, Murphy NRE, Cromarty RA, Graziadio S, O'Brien JT, Killen A, Colloby SJ, Firbank M, Su L, Collerton D, Taylor JP, Kaiser M.",Brain. 2022 Jun 30;145(6):2190-2205. doi: 10.1093/brain/awac094.,Mehraram R,Brain,2022,2022/03/09,PMC9246710,,10.1093/brain/awac094,MP,1,25,17,,,,0,,,,
35812120,Rich-Club Analysis of Structural Brain Network Alterations in HIV Positive Patients With Fully Suppressed Plasma Viral Loads,"Aili X, Wang W, Zhang A, Jiao Z, Li X, Rao B, Li R, Li H.",Front Neurol. 2022 Jun 24;13:825177. doi: 10.3389/fneur.2022.825177. eCollection 2022.,Aili X,Front Neurol,2022,2022/07/11,PMC9263507,,10.3389/fneur.2022.825177,MP,1,48,48,,,,0,,,,
35772195,A link between frontal white matter integrity and dizziness in cerebral small vessel disease,"Ibitoye RT, Castro P, Cooke J, Allum J, Arshad Q, Murdin L, Wardlaw J, Kaski D, Sharp DJ, Bronstein AM.",Neuroimage Clin. 2022;35:103098. doi: 10.1016/j.nicl.2022.103098. Epub 2022 Jun 23.,Ibitoye RT,Neuroimage Clin,2022,2022/06/30,PMC9253455,,10.1016/j.nicl.2022.103098,MP,1,36,36,,,,0,,,,
35364228,Can Cognitive training Reignite Compensatory Mechanisms in Advanced Multiple Sclerosis Patients? An Explorative Morphological Network Approach,"Frieske J, Pareto D, García-Vidal A, Cuypers K, Meesen RLJ, Alonso J, Arévalo MJ, Galán I, Renom M, Vidal-Jordana Á, Auger C, Montalban X, Rovira À, Sastre-Garriga J.",Neuroscience. 2022 Jul 15;495:86-96. doi: 10.1016/j.neuroscience.2022.03.031. Epub 2022 Mar 29.,Frieske J,Neuroscience,2022,2022/04/01,,,10.1016/j.neuroscience.2022.03.031,MP,0,,,,,,,,,,
35588325,Altered white matter structural connectivity in primary Sjögren's syndrome: a link-based analysis,"Zhang XD, Li JL, Zhou JM, Lu ZN, Zhao LR, Shen W, Xu JH, Cheng Y.",Neuroradiology. 2022 Oct;64(10):2011-2019. doi: 10.1007/s00234-022-02970-5. Epub 2022 May 19.,Zhang XD,Neuroradiology,2022,2022/05/19,,,10.1007/s00234-022-02970-5,MP,1,60,4,,,,0,,,,
36195451,Association Between White Matter Networks and the Pattern of Striatal Dopamine Depletion in Patients With Parkinson Disease,"Chung SJ, Kim YJ, Kim YJ, Lee HS, Jeong SH, Hong JM, Sohn YH, Yun M, Jeong Y, Lee PH.",Neurology. 2022 Oct 4:10.1212/WNL.0000000000201269. doi: 10.1212/WNL.0000000000201269. Online ahead of print.,Chung SJ,Neurology,2022,2022/10/04,,,10.1212/WNL.0000000000201269,MP,0,240,40,,,,,,,,
35456277,Neurological Music Therapy Rebuilds Structural Connectome after Traumatic Brain Injury: Secondary Analysis from a Randomized Controlled Trial,"Sihvonen AJ, Siponkoski ST, Martínez-Molina N, Laitinen S, Holma M, Ahlfors M, Kuusela L, Pekkola J, Koskinen S, Särkämö T.",J Clin Med. 2022 Apr 14;11(8):2184. doi: 10.3390/jcm11082184.,Sihvonen AJ,J Clin Med,2022,2022/04/23,PMC9032739,,10.3390/jcm11082184,MP,1,20,20,,,,1,0,limitation,,
35203920,Relationships between Diffusion Tensor Imaging and Resting State Functional Connectivity in Patients with Schizophrenia and Healthy Controls: A Preliminary Study,"Hoptman MJ, Tural U, Lim KO, Javitt DC, Oberlin LE.",Brain Sci. 2022 Jan 25;12(2):156. doi: 10.3390/brainsci12020156.,Hoptman MJ,Brain Sci,2022,2022/02/25,PMC8870342,,10.3390/brainsci12020156,MP,1,29,25,,,,1,0,limitation,,
35601615,Pallidal Structural Changes Related to Levodopa-induced Dyskinesia in Parkinson's Disease,"Youn J, Kim M, Park S, Kim JS, Park H, Cho JW.",Front Aging Neurosci. 2022 May 6;14:781883. doi: 10.3389/fnagi.2022.781883. eCollection 2022.,Youn J,Front Aging Neurosci,2022,2022/05/23,PMC9120819,,10.3389/fnagi.2022.781883,MP,0,28,35,,,,,,,,
35654450,The functional and structural associations of aberrant microglial activity in major depressive disorder,"Cakmak JD, Liu L, Poirier SE, Schaefer B, Poolacherla R, Burhan AM, Sabesan P, St Lawrence K, Théberge J, Hicks JW, Finger E, Palaniyappan L, Anazodo UC.",J Psychiatry Neurosci. 2022 Jun 2;47(3):E197-E208. doi: 10.1503/jpn.210124. Print 2022 May-Jun.,Cakmak JD,J Psychiatry Neurosci,2022,2022/06/02,PMC9343118,,10.1503/jpn.210124,MP,1,12,23,,,,1,1,motivation,,
35327346,The Role of Hub and Spoke Regions in Theory of Mind in Early Alzheimer's Disease and Frontotemporal Dementia,"Orso B, Lorenzini L, Arnaldi D, Girtler N, Brugnolo A, Doglione E, Mattioli P, Biassoni E, Massa F, Peira E, Bauckneht M, Donegani MI, Morbelli S, Nobili F, Pardini M.",Biomedicines. 2022 Feb 24;10(3):544. doi: 10.3390/biomedicines10030544.,Orso B,Biomedicines,2022,2022/03/25,PMC8945345,,10.3390/biomedicines10030544,MP,0,24,40,,,,,,,,
35395498,Tractography of supplementary motor area projections in progressive speech apraxia and aphasia,"Valls Carbo A, Reid RI, Tosakulwong N, Weigand SD, Duffy JR, Clark HM, Utianski RL, Botha H, Machulda MM, Strand EA, Schwarz CG, Jack CR, Josephs KA, Whitwell JL.",Neuroimage Clin. 2022;34:102999. doi: 10.1016/j.nicl.2022.102999. Epub 2022 Mar 30.,Valls Carbo A,Neuroimage Clin,2022,2022/04/08,PMC8987652,,10.1016/j.nicl.2022.102999,MP,1,40,36,8,13,,1,0,limitation,,